hour, t(sec), V1, VAngle1, V2, VAngle2, V3, VAngle3, I1, IAngle1, I2, IAngle2, I3, IAngle3
0, 0.00000, 0.341398, -44.8198, 15450.6, -129.603, 13841.3, 131.614, 3569.67, 135.904, 783.731, 23.5223, 634.36, -93.9032
