hour, t(sec), V1, VAngle1, V2, VAngle2, V3, VAngle3, I1, IAngle1, I2, IAngle2, I3, IAngle3
0, 0.00000, 0.587842, -71.1721, 3173.47, -138.282, 3051.63, 136.284, 5878.42, 108.828, 0.0460937, 132.408, 0.0446873, 45.533
